magnitude,place,date,longitude,latitude,depth
3.22,"13 km NNE of Avalon, CA",2026-07-06 12:48:02.370,-118.275,33.4515,8.82
3.8,"30 km S of Segundo, Colorado",2026-07-06 09:31:40.350,-104.8158,36.8545,5.0
3.8,"33 km SSW of Segundo, Colorado",2026-07-06 09:21:54.529,-104.832,36.8317,4.19
3.5,"25 km WSW of Los Ojos, New Mexico",2026-07-05 16:37:28.478,-106.8454,36.6583,10.0
3.18,"2 km SE of Aromas, CA",2026-07-05 14:45:06.680,-121.623664855957,36.8778343200684,7.09999990463257
3.01,"17 km WSW of Johannesburg, CA",2026-07-05 06:36:48.100,-117.804666666667,35.3003333333333,7.38
3.1,"76 km SSE of Lamoille, Nevada",2026-07-05 00:19:19.062,-115.1228,40.093,1.0913
3.16,"2 km WNW of Little America, Wyoming",2026-07-03 02:56:12.400,-109.884666666667,41.5548333333333,-1.93
3.85,"15 km NNE of Alder Springs, CA",2026-07-03 01:39:10.280,-122.683833333333,39.7846666666667,14.18
3.8,"2 km E of Oak Harbor, Washington",2026-07-02 06:35:47.600,-122.6065,48.2888333333333,25.38
3.39,"12 km N of Ocotillo Wells, CA",2026-07-02 06:17:26.320,-116.123166666667,33.252,10.19
3.26,"17 km WSW of Johannesburg, CA",2026-07-02 03:29:42.830,-117.806166666667,35.306,7.43
3.3,"19 km S of Lima, Montana",2026-07-01 00:35:15.247,-112.6108,44.46,11.169
5.3,"95 km SSW of El Progreso, Mexico",2026-06-30 21:01:34.191,-109.0169,24.6598,10.0
4.5,"59 km SSW of Topolobampo, Mexico",2026-06-30 20:29:39.578,-109.2907,25.11,10.0
6.0,"75 km SSW of El Progreso, Mexico",2026-06-30 19:45:40.116,-108.9285,24.8239,10.0
3.51,"6 km NE of West Salem, Illinois",2026-06-29 07:05:42.550,-87.96,38.5628333333333,18.96
3.11,"91 km SSW of Alberto Oviedo Mota, B.C., MX",2026-06-28 18:06:48.470,-115.6225,31.5041666666667,7.07
3.01,"4 km WSW of Johnsville, CA",2026-06-27 07:30:48.870,-120.734666666667,39.764,-1.56
3.26,"1 km NW of Little America, Wyoming",2026-06-26 07:30:57.330,-109.876,41.556,-2.75
3.17,"18 km NNW of Indian Springs, Nevada",2026-06-25 23:10:25.638,-115.746,36.7241,2.0
3.1,"18 km SSW of Weston, Colorado",2026-06-25 18:21:36.301,-104.9455,36.989,6.055
3.12,"18 km W of Petrolia, CA",2026-06-25 04:25:49.560,-124.491,40.2956666666667,8.27
5.59,"11 km N of Redwood Valley, CA",2026-06-24 15:10:40.760,-123.228833333333,39.3623333333333,8.85
3.1,"12 km WSW of Stanton, Texas",2026-06-23 21:10:50.268,-101.92,32.107,8.667
3.38,"5 km SW of Ridgemark, CA",2026-06-23 09:03:49.370,-121.399166666667,36.7805,7.52
3.1,"12 km WSW of Stanton, Texas",2026-06-22 23:52:56.355,-101.922,32.103,8.9111
3.58658357360432,"21 km N of Searles Valley, CA",2026-06-22 05:49:46.290,-117.392,35.957,2.71
3.15,"1 km ENE of Huron, CA",2026-06-21 15:58:09.630,-120.089,36.2056666666667,10.62
3.8,"16 km SSE of Stonewall Gap, Colorado",2026-06-20 17:32:12.046,-104.9935,37.0055,7.539
4.4,"24 km N of Mont-Joli, Canada",2026-06-18 14:21:22.458,-68.1308,48.7986,10.0
3.6,"4 km WNW of Abeytas, New Mexico",2026-06-17 18:56:56.349,-106.8639,34.4782,8.241
3.7,"6 km WNW of Veguita, New Mexico",2026-06-17 17:14:06.797,-106.8318,34.5298,8.922
3.02,"33 km N of Benton, California",2026-06-17 17:02:38.772,-118.4751,38.1187,8.827
3.55,"18 km WSW of Johannesburg, CA",2026-06-17 13:25:05.180,-117.812333333333,35.2991666666667,7.62
3.2,"6 km NW of Abeytas, New Mexico",2026-06-17 13:15:31.612,-106.8666,34.5098,11.174
4.1,"2 km N of Abeytas, New Mexico",2026-06-17 12:44:13.386,-106.8147,34.4874,12.517
3.9,"7 km NNW of Abeytas, New Mexico",2026-06-17 10:46:31.376,-106.8476,34.5256,9.835
3.1,"5 km ESE of Las Nutrias, New Mexico",2026-06-17 10:25:34.241,-106.7196,34.4533,13.513
3.3,"2 km SSE of Las Nutrias, New Mexico",2026-06-17 09:44:33.896,-106.76,34.4541,12.953
3.07,"8 km ESE of Cloverdale, CA",2026-06-17 03:47:03.400,-122.9355,38.7776666666667,5.43
3.6,"20 km NNW of Jal, New Mexico",2026-06-15 22:51:30.977,-103.2889,32.2783,3.889
3.13,"1 km NNW of Little America, Wyoming",2026-06-15 04:58:54.400,-109.870833333333,41.5575,-2.46
3.64,"10 km SW of Niland, CA",2026-06-15 03:27:03.230,-115.602166666667,33.1805,2.37
3.18,"10 km SW of Niland, CA",2026-06-15 03:26:55.930,-115.605166666667,33.1821666666667,3.34
3.2,"2 km ESE of Prattville, CA",2026-06-14 18:24:36.910,-121.134666666667,40.204,6.23
3.9,"1 km SSE of Las Nutrias, New Mexico",2026-06-14 17:41:00.636,-106.7636,34.4662,10.0
3.6,"5 km S of Las Nutrias, New Mexico",2026-06-14 17:38:09.449,-106.771,34.4293,10.0
3.28,"8 km NW of The Geysers, CA",2026-06-14 08:16:33.900,-122.8165,38.8336666666667,2.11
3.0,"9 km WNW of Abeytas, New Mexico",2026-06-14 02:33:39.689,-106.9021,34.4983,8.601
4.02,"20 km ESE of Silver Springs, Nevada",2026-06-12 12:12:29.289,-118.9997,39.3464,2.0
3.18,"18 km WSW of Johannesburg, CA",2026-06-11 13:43:43.410,-117.817666666667,35.3098333333333,8.47
4.0,"59 km WSW of San Carlos, Mexico",2026-06-10 06:46:36.018,-111.6165,27.7907,10.0
3.18,"7 km SE of Loma Linda, CA",2026-06-09 16:36:58.390,-117.216,34.0001666666667,5.36
3.0,"2 km NNW of Tome, New Mexico",2026-06-09 16:30:15.114,-106.7355,34.7592,6.903
3.6,"3 km SW of Alamo, CA",2026-06-07 15:37:48.850,-122.0595,37.8313333333333,13.03
3.3,"65 km E of Miguel Ahumada, Mexico",2026-06-07 14:21:56.134,-105.8325,30.5704,10.0
3.1,"25 km WNW of La Huerta, New Mexico",2026-06-06 22:46:38.351,-104.4584,32.5464,6.61
3.43,"15 km NW of Fillmore, CA",2026-06-06 19:21:36.630,-119.036166666667,34.4885,24.53
3.11,"2 km WNW of Little America, Wyoming",2026-06-06 04:24:16.570,-109.8915,41.5521666666667,-2.55
3.8,"57 km S of Whites City, New Mexico",2026-06-05 22:40:10.540,-104.395,31.661,6.0999
3.75,"11 km NW of Summerlin South, Nevada",2026-06-04 20:47:58.995,-115.4319,36.1764,7.0
3.2,"56 km S of Whites City, New Mexico",2026-06-04 19:11:36.151,-104.377,31.664,7.6379
3.3,"55 km S of Whites City, New Mexico",2026-06-04 19:11:30.778,-104.377,31.675,5.9973
3.18,"17 km WSW of Johannesburg, CA",2026-06-04 19:00:43.880,-117.8045,35.2988333333333,7.26
3.1,"7 km NE of Marquez, Texas",2026-06-04 14:16:39.619,-96.206,31.291,8.4473
3.4,"8 km ENE of Marquez, Texas",2026-06-04 11:41:21.289,-96.181,31.277,8.6182
3.35,"17 km SSE of Silver Springs, Nevada",2026-06-03 06:17:56.836,-119.1135,39.2798,6.0
3.63,"7 km ESE of Cloverdale, CA",2026-06-02 16:44:19.020,-122.937,38.7863333333333,5.49
4.05890859090661,"18 km WSW of Johannesburg, CA",2026-06-01 22:34:01.120,-117.809833333333,35.299,7.64
3.42,"17 km WSW of Toms Place, CA",2026-06-01 08:04:07.140,-118.841,37.4811666666667,14.09
3.17,"18 km WSW of Johannesburg, CA",2026-05-30 01:55:48.160,-117.806666666667,35.3,7.38
3.4,"54 km S of Whites City, New Mexico",2026-05-29 20:32:38.953,-104.299,31.693,7.3816
3.36,"18 km WSW of Johannesburg, CA",2026-05-29 02:00:57.440,-117.810833333333,35.2996666666667,7.98
3.1,"12 km SSW of Snowville, Utah",2026-05-28 20:58:55.420,-112.7755,41.8616666666667,3.42
3.1,"60 km S of Whites City, New Mexico",2026-05-28 13:41:55.793,-104.367,31.634,6.0999
3.72,"17 km SE of Silver Springs, Nevada",2026-05-28 11:48:35.345,-119.0524,39.3251,5.0
3.4,"27 km SSE of Hope, New Mexico",2026-05-27 17:53:45.332,-104.6464,32.5703,7.393
3.1,"27 km SSE of Hope, New Mexico",2026-05-27 05:51:59.289,-104.6175,32.5812,3.461
3.42,"26 km NE of Viola, CA",2026-05-26 05:11:52.440,-121.4475,40.6756666666667,7.05
3.2,"18 km N of Leadore, Idaho",2026-05-25 19:38:33.918,-113.3617,44.8482,5.677
3.75,"34 km SE of Mina, Nevada",2026-05-25 08:52:42.839,-117.8498,38.1573,7.0
3.11,"6 km WNW of Delta, B.C., MX",2026-05-24 17:24:27.570,-115.257333333333,32.372,11.32
3.1,"51 km SSW of Whites City, New Mexico",2026-05-24 06:36:36.288,-104.508,31.725,5.7922
3.1,"57 km S of Whites City, New Mexico",2026-05-24 01:01:20.323,-104.393,31.66,6.0999
3.34,"9 km NNE of Truckee, CA",2026-05-22 19:45:59.670,-120.1345,39.4045,11.28
3.0,"107 km ENE of Hércules, Mexico",2026-05-22 15:08:35.387,-102.7894,28.4383,10.0
3.26,"6 km WNW of Delta, B.C., MX",2026-05-22 01:10:42.810,-115.2575,32.375,6.57
3.02,"24 km WSW of Westmorland, CA",2026-05-21 15:39:15.130,-115.857,32.9593333333333,14.58
3.2,"30 km SE of Midland, Texas",2026-05-19 10:55:00.947,-101.813,31.845,9.4482
3.5,"2 km ESE of Johnson, Oklahoma",2026-05-19 06:47:52.859,-96.81583333,35.39716667,17.47
3.05,"27 km SSE of Kettleman City, CA",2026-05-18 15:54:35.900,-119.855166666667,35.7828333333333,4.59
3.14,"22 km ESE of Ocotillo Wells, CA",2026-05-18 07:55:18.700,-115.919666666667,33.0563333333333,2.12
3.58,"2 km ENE of Ridgemark, CA",2026-05-17 06:28:15.270,-121.351666666667,36.82,7.19
3.0,"13 km SSE of Stonewall Gap, Colorado",2026-05-17 01:04:21.902,-104.9776,37.0371,3.222
3.2,"30 km ESE of Nelson, Canada",2026-05-16 20:36:48.951,-116.892,49.407,14.811
3.81,"8 km W of Bennington, Idaho",2026-05-15 11:05:45.280,-111.4245,42.3928333333333,1.39
3.38,"19 km ESE of Silver Springs, Nevada",2026-05-13 19:38:13.230,-119.0372,39.324,4.0
3.01,"22 km SSE of Redway, CA",2026-05-11 11:16:04.490,-123.714,39.945,4.49
4.05,"18 km SE of Silver Springs, Nevada",2026-05-10 18:22:13.799,-119.0956,39.277,6.0
3.2,"3 km WSW of Brawley, CA",2026-05-10 07:41:25.840,-115.562166666667,32.9681666666667,11.33
3.23,"1 km WSW of Brawley, CA",2026-05-10 07:27:52.220,-115.538666666667,32.9766666666667,10.25
4.66486919122063,"3 km WSW of Brawley, CA",2026-05-10 07:10:21.250,-115.562333333333,32.9713333333333,14.53
3.16,"0 km NNE of Brawley, CA",2026-05-10 06:43:51.370,-115.5285,32.9826666666667,10.51
3.01,"3 km WSW of Brawley, CA",2026-05-10 06:36:25.630,-115.557333333333,32.967,12.12
3.42,"4 km WSW of Brawley, CA",2026-05-10 06:02:26.390,-115.5675,32.96,11.78
3.25,"1 km NNW of Brawley, CA",2026-05-10 05:51:16.340,-115.536,32.9908333333333,10.46
3.05,"4 km WSW of Brawley, CA",2026-05-10 05:11:44.190,-115.575666666667,32.9663333333333,3.4
3.48,"2 km WSW of Brawley, CA",2026-05-10 03:44:09.330,-115.547833333333,32.9701666666667,11.36
4.48112858848809,"2 km W of Brawley, CA",2026-05-10 03:39:29.810,-115.549833333333,32.9778333333333,15.9
3.97995588104299,"3 km WSW of Brawley, CA",2026-05-10 03:13:23.720,-115.5555,32.9675,9.17
3.11,"3 km WSW of Brawley, CA",2026-05-10 03:13:19.440,-115.555333333333,32.9698333333333,14.91
4.37822982052754,"3 km WSW of Brawley, CA",2026-05-10 02:22:08.170,-115.559166666667,32.9693333333333,15.05
3.35,"3 km WSW of Brawley, CA",2026-05-10 00:34:13.400,-115.563166666667,32.9676666666667,14.6
3.48,"5 km WNW of Brawley, CA",2026-05-09 23:49:17.250,-115.577333333333,32.9915,2.12
3.45,"3 km WSW of Brawley, CA",2026-05-09 23:49:12.380,-115.556666666667,32.968,14.84
3.44,"2 km WSW of Brawley, CA",2026-05-09 23:14:16.480,-115.554333333333,32.9715,14.36
3.06,"18 km SE of Silver Springs, Nevada",2026-05-09 06:49:22.132,-119.0579,39.3101,9.4092
3.29,"1 km SE of Muscoy, CA",2026-05-09 06:32:27.970,-117.3355,34.1478333333333,13.19
3.23,"7 km SE of Loma Linda, CA",2026-05-09 01:40:23.400,-117.215333333333,33.999,4.48
3.13,"7 km SE of Loma Linda, CA",2026-05-08 12:53:00.180,-117.2165,33.9996666666667,5.4
3.22,"4 km ENE of Covelo, CA",2026-05-08 12:15:04.960,-123.1985,39.8013333333333,6.37
4.1,"18 km SSW of Weston, Colorado",2026-05-07 17:44:22.766,-104.9526,36.9854,1.965
3.12,"19 km N of Barstow, CA",2026-05-07 16:37:46.210,-116.983833333333,35.0678333333333,1.69
4.42,"2 km NW of The Geysers, CA",2026-05-07 09:42:43.400,-122.777166666667,38.7913333333333,3.68
3.0,"32 km ENE of Malaga, New Mexico",2026-05-06 18:55:52.399,-103.737,32.2977,2.9
3.14,"6 km SSW of Redlands, CA",2026-05-06 16:45:15.960,-117.211333333333,34.0025,4.46
3.36,"19 km SE of Silver Springs, Nevada",2026-05-06 04:04:13.990,-119.0822,39.2775,6.0
3.38,"76 km NE of Tonopah, Nevada",2026-05-05 02:50:38.792,-116.5068,38.454,5.669
4.47,"77 km NE of Tonopah, Nevada",2026-05-05 02:39:52.449,-116.5006,38.4568,10.0
3.1,"10 km SE of Coyanosa, Texas",2026-05-04 23:12:08.328,-103.003,31.168,5.5872
3.63,"18 km SE of Silver Springs, Nevada",2026-05-04 03:12:04.169,-119.1003,39.281,4.0
3.32,"19 km ESE of Silver Springs, Nevada",2026-05-04 00:33:51.498,-119.0187,39.3381,7.0
3.05,"20 km ENE of Panguitch, Utah",2026-05-04 00:00:17.930,-112.225666666667,37.9111666666667,8.31
3.14,"9 km WSW of Grapevine, CA",2026-05-03 17:29:19.510,-119.0195,34.9213333333333,8.32
3.27,"4 km E of Covelo, CA",2026-05-03 12:52:47.680,-123.199,39.7983333333333,6.16
3.83,"81 km SSW of Alberto Oviedo Mota, B.C., MX",2026-05-03 12:10:49.610,-115.628,31.6113333333333,2.08
3.05,"4 km E of Covelo, CA",2026-05-03 00:37:43.750,-123.1995,39.7958333333333,6.16
3.38,"18 km SE of Silver Springs, Nevada",2026-05-02 14:09:35.804,-119.0998,39.2778,5.0
5.17,"19 km SE of Silver Springs, Nevada",2026-05-01 08:17:19.870,-119.0467,39.3066,5.0
4.28,"20 km SE of Silver Springs, Nevada",2026-05-01 08:15:55.842,-119.0377,39.3035,7.0
3.69,"24 km W of Petrolia, CA",2026-05-01 01:58:41.390,-124.572166666667,40.3011666666667,9.03
3.65,"33 km SSW of Alamo, Nevada",2026-04-30 07:44:59.773,-115.3096,37.09,7.0
3.23,"4 km SE of Loma Linda, CA",2026-04-30 03:48:04.760,-117.225666666667,34.0211666666667,15.71
3.19,"19 km ESE of Silver Springs, Nevada",2026-04-29 15:55:12.398,-119.0377,39.3217,4.0
3.2,"29 km SSW of Alamo, Nevada",2026-04-29 15:33:17.241,-115.2965,37.1182,8.2558
4.41,"30 km SSW of Alamo, Nevada",2026-04-29 15:06:13.025,-115.3011,37.1132,4.0
3.0,"13 km N of Cabazon, CA",2026-04-29 14:47:47.460,-116.806666666667,34.0325,16.04
3.4,"25 km NE of Ute Park, New Mexico",2026-04-28 16:07:55.767,-104.9517,36.7456,5.58
3.38,"8 km NE of Lake Davis, CA",2026-04-28 04:17:52.740,-120.416,39.921,7.86
3.04,"19 km SE of Silver Springs, Nevada",2026-04-28 03:58:48.971,-119.0917,39.2771,7.6431
3.48,"19 km SE of Silver Springs, Nevada",2026-04-28 03:57:54.993,-119.0918,39.2781,4.0
3.21,"8 km NE of Lake Davis, CA",2026-04-28 03:10:06.180,-120.414,39.92,3.29
3.27,"6 km SSW of Redlands, CA",2026-04-27 14:47:13.930,-117.2105,34.0026666666667,3.29
3.0,"16 km ESE of Butte, Montana",2026-04-27 03:32:34.342,-112.3237,45.973,13.242
3.44,"10 km NNE of Cabazon, CA",2026-04-26 15:44:34.390,-116.751,34.0005,12.84
3.0,"7 km SSE of Amherstburg, Canada",2026-04-26 14:32:03.892,-83.062,42.0348,5.0
3.29,"21 km ESE of Silver Springs, Nevada",2026-04-26 07:15:21.897,-118.9892,39.349,5.0
3.65,"22 km SW of Fallon, Nevada",2026-04-25 12:11:01.572,-118.976,39.3357,6.0
3.24,"2 km NNE of The Geysers, CA",2026-04-25 08:00:13.740,-122.746666666667,38.7918333333333,2.57
4.09,"54 km W of Petrolia, CA",2026-04-25 07:38:29.160,-124.919,40.3561666666667,14.16
3.27,"8 km SSW of Furnace Creek, CA",2026-04-24 02:18:15.010,-116.883,36.3816666666667,6.04
4.0,"1 km WNW of Cooter, Missouri",2026-04-23 17:59:04.200,-89.8258333333333,36.0545,11.78
3.04,"22 km NW of Grapevine, CA",2026-04-23 12:21:46.750,-119.113333333333,35.0698333333333,12.89
3.02,"19 km SE of Silver Springs, Nevada",2026-04-23 09:40:18.374,-119.0998,39.2712,9.0798
3.15,"19 km SSE of Silver Springs, Nevada",2026-04-22 19:55:26.813,-119.1032,39.2713,8.0919
4.78,"19 km SE of Silver Springs, Nevada",2026-04-22 17:23:37.085,-119.0955,39.2758,3.0
3.5,"18 km SSE of Silver Springs, Nevada",2026-04-22 17:22:14.362,-119.1148,39.2759,4.0
3.22,"8 km SSW of Kanosh, Utah",2026-04-22 14:35:35.210,-112.467833333333,38.725,7.64
3.04,"44 km W of Petrolia, CA",2026-04-21 08:59:00.510,-124.807833333333,40.3268333333333,14.18
3.05,"17 km SE of Waynoka, Oklahoma",2026-04-21 03:37:24.050,-98.74033333,36.47783333,8.66
3.18,"33 km SE of Johannesburg, CA",2026-04-20 21:57:25.790,-117.367,35.1785,5.26
3.6,"21 km ESE of Wright, Wyoming",2026-04-20 21:09:19.859,-105.2661,43.6549,0.0
3.0,"60 km S of Whites City, New Mexico",2026-04-20 17:38:19.357,-104.439,31.634,6.3721
3.3,"26 km S of Westbrook, Texas",2026-04-20 17:35:10.160,-101.055,32.119,6.8848
3.39,"18 km SE of Silver Springs, Nevada",2026-04-20 14:02:38.020,-119.0511,39.3168,3.0
3.56,"56 km W of Petrolia, CA",2026-04-20 13:26:20.940,-124.944833333333,40.3623333333333,11.52
3.61,"52 km W of Petrolia, CA",2026-04-20 10:41:33.940,-124.901,40.3466666666667,13.63
3.0,"8 km SSE of Olancha, CA",2026-04-20 00:53:48.610,-117.9775,36.2121666666667,2.55
3.4,"16 km ENE of Wright, Wyoming",2026-04-19 20:01:13.728,-105.3235,43.8308,0.0
3.07,"19 km SSE of Silver Springs, Nevada",2026-04-19 14:47:11.935,-119.1074,39.2694,8.4135
3.63,"8 km SSW of Kanosh, Utah",2026-04-19 14:43:47.970,-112.466166666667,38.724,4.07
3.94,"19 km SE of Silver Springs, Nevada",2026-04-19 14:42:44.633,-119.0897,39.2782,6.8157
4.73,"20 km SE of Silver Springs, Nevada",2026-04-19 14:39:16.331,-119.0857,39.2685,6.0
3.26,"8 km SSW of Kanosh, Utah",2026-04-19 13:47:13.720,-112.464833333333,38.7306666666667,6.78
4.15,"18 km SE of Silver Springs, Nevada",2026-04-19 12:43:31.056,-119.0985,39.2754,3.0
3.2,"7 km SSW of Kanosh, Utah",2026-04-19 11:45:29.040,-112.467833333333,38.7338333333333,4.13
3.3,"56 km S of Whites City, New Mexico",2026-04-19 04:15:58.037,-104.363,31.668,6.9202
3.3,"50 km W of Mentone, Texas",2026-04-19 03:45:47.266,-104.129,31.706,6.5228
3.02,"15 km SE of Silver Springs, Nevada",2026-04-18 20:25:56.350,-119.1115,39.3025,9.4289
3.18,"18 km SE of Silver Springs, Nevada",2026-04-18 12:19:25.366,-119.055,39.3093,7.2918
3.2,"48 km W of Mentone, Texas",2026-04-17 23:56:31.497,-104.113,31.736,7.6508
3.54,"26 km WNW of Ludlow, CA",2026-04-17 13:03:42.170,-116.410166666667,34.8391666666667,1.33
3.01,"18 km SE of Silver Springs, Nevada",2026-04-16 08:53:35.589,-119.053,39.3134,8.601
3.6,"56 km S of Whites City, New Mexico",2026-04-16 07:00:32.378,-104.387,31.67,5.8948
3.5,"56 km S of Whites City, New Mexico",2026-04-16 01:24:05.787,-104.392,31.668,6.0999
3.31,"19 km SE of Silver Springs, Nevada",2026-04-15 17:34:58.969,-119.0429,39.3038,3.0
3.22,"24 km SW of Maricopa, CA",2026-04-15 14:51:17.100,-119.601166666667,34.9208333333333,8.81
3.1,"22 km SSE of Antelope Valley-Crestview, Wyoming",2026-04-14 20:59:49.034,-105.4144,44.0278,0.0
3.14,"16 km SE of Silver Springs, Nevada",2026-04-14 20:45:04.142,-119.0693,39.3218,10.9495
3.3,"18 km NE of Wright, Wyoming",2026-04-14 20:04:42.367,-105.3373,43.8796,0.0
3.37,"19 km SE of Silver Springs, Nevada",2026-04-14 19:12:16.663,-119.0554,39.2948,5.0
3.49,"17 km SE of Silver Springs, Nevada",2026-04-14 18:38:50.513,-119.0697,39.3133,7.0
4.0,"21 km NNE of Shawville, Canada",2026-04-14 16:36:42.844,-76.3709,45.7747,10.0
3.3,"12 km S of Atoka, New Mexico",2026-04-14 05:07:04.037,-104.3996,32.6551,8.673
3.6,"18 km SE of Silver Springs, Nevada",2026-04-14 04:53:45.249,-119.0607,39.3049,4.0
3.92,"19 km SE of Silver Springs, Nevada",2026-04-14 04:45:00.422,-119.0512,39.3045,6.0
3.42,"19 km ESE of Silver Springs, Nevada",2026-04-14 04:14:41.826,-119.0317,39.3231,6.0
3.37,"20 km ESE of Silver Springs, Nevada",2026-04-14 04:13:29.184,-119.0247,39.3182,4.0
3.37,"19 km ESE of Silver Springs, Nevada",2026-04-14 04:05:49.947,-119.0319,39.32,7.0
3.01,"20 km ESE of Silver Springs, Nevada",2026-04-14 02:32:10.472,-119.001,39.3452,11.4508
3.31,"21 km ESE of Silver Springs, Nevada",2026-04-14 02:21:28.688,-119.0014,39.3336,5.4644
3.1,"19 km SE of Silver Springs, Nevada",2026-04-14 02:20:41.831,-119.0383,39.3106,6.0204
3.58,"20 km ESE of Silver Springs, Nevada",2026-04-14 02:04:33.913,-119.0195,39.3147,13.4416
3.02,"19 km SE of Silver Springs, Nevada",2026-04-14 01:52:39.653,-119.0381,39.3149,13.3622
3.17,"23 km NW of Walker Lake, Nevada",2026-04-14 01:46:06.363,-118.9759,38.7728,0.0
3.01,"18 km SE of Silver Springs, Nevada",2026-04-14 01:39:52.910,-119.0519,39.3153,7.8876
3.17,"19 km SE of Silver Springs, Nevada",2026-04-14 01:39:12.377,-119.0363,39.3171,2.4139
3.31,"18 km SE of Silver Springs, Nevada",2026-04-14 01:37:06.408,-119.0452,39.317,2.8444
3.23,"19 km SE of Silver Springs, Nevada",2026-04-14 01:36:43.269,-119.0456,39.3154,5.9741
3.25,"22 km SW of Fallon, Nevada",2026-04-14 01:34:09.127,-118.9743,39.3418,9.6071
3.63,"18 km ESE of Silver Springs, Nevada",2026-04-14 01:32:04.831,-119.0317,39.3341,6.8764
5.68,"20 km ESE of Silver Springs, Nevada",2026-04-14 01:29:12.123,-119.0075,39.3345,5.0
3.2,"31 km SSE of Wright, Wyoming",2026-04-13 20:21:29.497,-105.3544,43.4867,0.0
3.6,"13 km W of Fairview, Wyoming",2026-04-12 15:01:23.862,-111.1456,42.6825,5.0
3.23,"28 km NW of Trinidad, CA",2026-04-11 18:12:12.700,-124.353,41.2576666666667,19.27
3.1,"17 km NW of Whites City, New Mexico",2026-04-11 13:01:04.277,-104.4941,32.292,4.482
3.2,"20 km SW of Jal, New Mexico",2026-04-10 23:10:30.094,-103.335,31.969,7.2791
3.1,"9 km E of Wright, Wyoming",2026-04-10 21:29:32.028,-105.3789,43.7372,0.0
3.4,"17 km SSW of Weston, Colorado",2026-04-10 06:59:54.038,-104.9539,37.0017,6.784
3.0,"21 km NNE of Maeser, Utah",2026-04-09 19:57:23.218,-109.4523,40.6362,0.0
3.0,"37 km SSE of Wright, Wyoming",2026-04-09 19:40:35.098,-105.3613,43.4295,0.0
3.2,"57 km S of Whites City, New Mexico",2026-04-09 09:37:33.090,-104.318,31.658,6.6125
3.4,"20 km WNW of Pawnee, Texas",2026-04-08 12:02:23.235,-98.175,28.752,5.7206
3.5,"19 km WNW of Pawnee, Texas",2026-04-08 06:18:56.677,-98.171,28.748,4.4906
3.4,"14 km ESE of Wright, Wyoming",2026-04-06 20:02:30.448,-105.3193,43.7195,0.0
4.4,"9 km SSW of Atoka, New Mexico",2026-04-06 20:01:35.706,-104.424,32.6908,5.0
3.0,"20 km WNW of Pawnee, Texas",2026-04-06 15:59:32.248,-98.186,28.751,6.1637
3.16,"26 km WNW of Ludlow, CA",2026-04-06 03:59:40.000,-116.406,34.8448333333333,1.92
3.1,"26 km ESE of Kelly, Wyoming",2026-04-06 02:18:38.983,-110.321,43.5356,9.666
3.2,"21 km SE of Wright, Wyoming",2026-04-05 20:26:33.750,-105.2997,43.6176,0.0
3.0,"11 km S of Atoka, New Mexico",2026-04-05 16:08:28.714,-104.4111,32.6637,5.0
3.6,"59 km S of Whites City, New Mexico",2026-04-05 08:35:29.376,-104.44,31.644,6.0999
3.2,"15 km SSW of Weston, Colorado",2026-04-05 06:54:57.321,-104.9349,37.0103,7.795
3.08,"7 km NNW of Banning, CA",2026-04-04 23:37:55.030,-116.907,33.9843333333333,8.65
3.1,"12 km SW of Jal, New Mexico",2026-04-04 00:29:01.101,-103.275,32.029,5.8179
3.5,"12 km SW of Jal, New Mexico",2026-04-03 22:13:05.536,-103.282,32.03,5.9973
3.7,"20 km ESE of Wright, Wyoming",2026-04-03 20:29:14.308,-105.274,43.6494,0.0
3.1,"9 km SSE of Antelope Valley-Crestview, Wyoming",2026-04-02 20:53:50.754,-105.4349,44.1468,0.0
4.59,"1 km SE of Boulder Creek, CA",2026-04-02 08:41:25.520,-122.1125,37.1156666666667,10.43
3.4,"15 km ESE of Wright, Wyoming",2026-04-01 20:05:34.124,-105.3202,43.6946,0.0
3.92682187187508,"26 km WNW of Ludlow, CA",2026-04-01 16:30:47.910,-116.403166666667,34.8455,1.63
3.16,"26 km WNW of Ludlow, CA",2026-04-01 16:16:29.340,-116.401,34.8413333333333,1.33
3.06,"5 km SW of Laytonville, CA",2026-03-31 18:59:52.130,-123.520166666667,39.6586666666667,4.95
3.77,"55 km NE of Valmy, Nevada",2026-03-31 16:01:57.430,-116.7034,41.1722,7.0
3.2,"18 km SSE of Antelope Valley-Crestview, Wyoming",2026-03-30 21:17:08.285,-105.3988,44.0666,0.0
3.2,"12 km NE of Wright, Wyoming",2026-03-30 20:01:21.595,-105.3717,43.8269,0.0
3.28,"21 km W of Petrolia, CA",2026-03-30 19:19:00.120,-124.532,40.2983333333333,20.34
3.1,"22 km WNW of Mentone, Texas",2026-03-30 07:30:46.157,-103.833,31.759,7.7405
3.9,Gulf of America,2026-03-30 02:22:48.306,-88.2721,26.3383,10.0
3.2,"22 km WNW of Mentone, Texas",2026-03-30 02:10:35.268,-103.831,31.759,7.9456
3.7,"22 km WNW of Mentone, Texas",2026-03-30 01:27:22.906,-103.834,31.758,8.83
3.1,"2 km NW of Weskan, Kansas",2026-03-28 20:31:58.169,-101.9899,38.8819,5.0
3.3,"12 km SE of Wright, Wyoming",2026-03-28 20:04:33.198,-105.3613,43.6855,0.0
3.5,"22 km SE of Wright, Wyoming",2026-03-28 18:51:40.125,-105.2844,43.6095,0.0
3.34,"27 km S of Tecopa, CA",2026-03-28 12:08:02.940,-116.226333333333,35.608,0.98
3.14,"27 km WNW of Ludlow, CA",2026-03-28 06:09:06.720,-116.416333333333,34.8395,0.98
4.10931310269304,"26 km WNW of Ludlow, CA",2026-03-27 22:13:14.860,-116.4105,34.8386666666667,1.43
3.4,"33 km NE of Ranchester, Wyoming",2026-03-27 17:46:09.551,-106.8772,45.1316,0.0
3.72,"18 km NE of Upper Lake, CA",2026-03-26 17:24:54.900,-122.776833333333,39.2935,7.31
3.6,"57 km S of Whites City, New Mexico",2026-03-26 08:09:28.464,-104.491,31.668,6.0999
3.5,"55 km S of Whites City, New Mexico",2026-03-26 02:42:29.844,-104.491,31.681,6.0999
3.5,"17 km ESE of Wright, Wyoming",2026-03-25 20:13:59.652,-105.2974,43.6786,0.0
3.3,"25 km ENE of Ensenada, B.C., MX",2026-03-25 19:15:40.120,-116.367166666667,31.9443333333333,15.82
3.48,"15 km N of Brooktrails, CA",2026-03-25 16:20:48.570,-123.360333333333,39.5755,9.2
3.0,"19 km NE of Wright, Wyoming",2026-03-23 20:50:56.367,-105.3184,43.8781,0.0
3.6,"22 km WSW of Carlsbad, New Mexico",2026-03-23 13:25:58.903,-104.4632,32.3789,3.142
3.1,"28 km NW of Whites City, New Mexico",2026-03-22 17:10:01.132,-104.5465,32.3851,5.0
3.0,"35 km SSE of Wright, Wyoming",2026-03-21 23:25:49.123,-105.3276,43.4569,0.0
3.1,"13 km E of Wright, Wyoming",2026-03-21 19:59:14.494,-105.3262,43.7521,0.0
3.24,"73 km SW of Alberto Oviedo Mota, B.C., MX",2026-03-21 06:10:06.750,-115.708833333333,31.76,9.52
3.12,"74 km NE of Tonopah, Nevada",2026-03-21 06:07:31.294,-116.5378,38.454,9.7468
3.04,"16 km ENE of Hydesville, CA",2026-03-21 05:35:44.560,-123.918666666667,40.585,30.18
3.2,"8 km E of Wright, Wyoming",2026-03-20 20:42:39.946,-105.3854,43.7493,0.0
3.0,"55 km S of Whites City, New Mexico",2026-03-20 02:48:47.645,-104.39,31.672,6.1127
3.1,"20 km NNE of Maeser, Utah",2026-03-19 19:57:05.630,-109.4649,40.6381,0.0
3.01,"8 km NW of The Geysers, CA",2026-03-17 20:00:52.210,-122.8145,38.8286666666667,2.3
3.11,"9 km ENE of Colusa, CA",2026-03-17 17:26:02.680,-121.914,39.2486666666667,24.45
3.27,"8 km ENE of Gilroy, CA",2026-03-17 13:48:36.020,-121.4905,37.0408333333333,8.41
3.67,"27 km W of Petrolia, CA",2026-03-17 12:56:18.200,-124.596833333333,40.307,19.61
3.3,"20 km NE of Wright, Wyoming",2026-03-16 18:02:42.143,-105.2766,43.8561,0.0
3.0,"57 km S of Whites City, New Mexico",2026-03-16 06:46:19.661,-104.403,31.66,5.8948
3.5,"53 km S of Whites City, New Mexico",2026-03-15 20:20:12.339,-104.401,31.692,4.8181
3.37,"74 km ENE of Tonopah, Nevada",2026-03-14 20:59:11.382,-116.526,38.4379,12.8814
3.17,"74 km NE of Tonopah, Nevada",2026-03-14 20:28:10.489,-116.532,38.4506,6.2192
3.52,"73 km NE of Tonopah, Nevada",2026-03-14 15:06:52.091,-116.5514,38.4594,7.5756
3.1,"56 km S of Whites City, New Mexico",2026-03-12 05:19:55.037,-104.362,31.669,7.561
3.2,"55 km S of Whites City, New Mexico",2026-03-12 05:19:45.712,-104.372,31.676,5.6384
3.6,"20 km ESE of Wright, Wyoming",2026-03-11 20:16:53.894,-105.2684,43.6624,0.0
3.0,"20 km E of Wright, Wyoming",2026-03-11 20:01:47.707,-105.236,43.7342,0.0
3.29,"30 km SE of Mina, Nevada",2026-03-11 13:28:09.921,-117.9033,38.1665,12.7195
4.4,"96 km SSW of Topolobampo, Mexico",2026-03-11 03:28:17.553,-109.3029,24.756,10.0
3.25,"36 km E of Bonanza, Oregon",2026-03-10 05:52:01.570,-120.96716666666667,42.14533333333333,6.89
3.96,"29 km ENE of Torrey, Utah",2026-03-10 04:32:27.300,-111.0915,38.3561666666667,2.32
3.0,"4 km WNW of Edgefield, Louisiana",2026-03-09 09:44:36.164,-93.3728,32.0642,5.0
4.4,"3 km NW of Edgefield, Louisiana",2026-03-09 09:41:42.302,-93.3624,32.075,5.0
4.1,"2 km NW of Edgefield, Louisiana",2026-03-09 09:40:50.823,-93.3479,32.066,6.075
3.2,"6 km WNW of Edgefield, Louisiana",2026-03-09 09:34:20.147,-93.3941,32.0816,5.924
3.1,"3 km W of Edgefield, Louisiana",2026-03-09 09:33:43.565,-93.3671,32.0463,5.627
3.6,"6 km WNW of The Geysers, CA",2026-03-08 10:31:07.640,-122.816166666667,38.7953333333333,3.74
3.0,"55 km S of Whites City, New Mexico",2026-03-07 09:33:22.480,-104.365,31.672,5.741
3.6,"55 km S of Whites City, New Mexico",2026-03-07 08:12:42.709,-104.367,31.677,6.0999
3.9,"55 km S of Whites City, New Mexico",2026-03-07 07:11:26.002,-104.367,31.676,6.0999
3.0,"58 km S of Whites City, New Mexico",2026-03-07 01:05:25.934,-104.429,31.649,6.0229
3.15,"31 km SSW of Alamo, Nevada",2026-03-06 14:18:07.870,-115.3144,37.1101,7.0
3.14,"52 km ESE of Beatty, Nevada",2026-03-06 05:25:49.853,-116.2688,36.6524,7.3988
4.9,"2026 Red River Parish, Louisiana Earthquake",2026-03-05 11:30:08.102,-93.4128,32.0614,2.48
3.22,"15 km E of Willows, CA",2026-03-05 04:39:54.400,-122.015166666667,39.5276666666667,28.98
3.2,"12 km ENE of Wright, Wyoming",2026-03-04 21:00:38.922,-105.3448,43.7822,0.0
3.8,"21 km N of Stanton, Texas",2026-03-04 15:33:43.234,-101.789,32.325,5.6885
3.76,"52 km ESE of Beatty, Nevada",2026-03-03 17:23:04.000,-116.2694,36.6528,7.0
3.0,"23 km E of Dilley, Texas",2026-03-03 08:25:51.770,-98.935,28.67,5.9207
3.42,"10 km NW of Pinnacles, CA",2026-03-02 15:17:50.070,-121.214166666667,36.601,8.25
3.17,"4 km SE of San Ramon, CA",2026-03-02 07:21:12.030,-121.9435,37.7528333333333,7.26
3.94,"77 km ENE of Tonopah, Nevada",2026-03-02 05:16:23.631,-116.4919,38.4486,3.0
3.06,"77 km NE of Tonopah, Nevada",2026-03-01 22:10:59.931,-116.5077,38.4716,4.9856
3.5,"77 km ENE of Tonopah, Nevada",2026-03-01 19:30:10.336,-116.4838,38.4475,6.0
4.1,"4 km E of Cowles, Nebraska",2026-03-01 18:59:27.730,-98.3972,40.1779,4.612
3.4,"78 km NE of Tonopah, Nevada",2026-03-01 18:46:17.411,-116.4913,38.4677,11.0
4.26,"78 km NE of Tonopah, Nevada",2026-03-01 16:37:53.962,-116.4982,38.4791,11.0
3.27,"7 km SE of Ratliff City, Oklahoma",2026-03-01 08:30:36.329,-97.44766667,34.40716667,5.02
3.33,"75 km ENE of Tonopah, Nevada",2026-02-28 18:17:19.472,-116.5187,38.4441,10.4996
3.11,"74 km ENE of Tonopah, Nevada",2026-02-28 18:14:14.452,-116.5238,38.4413,11.0251
3.1,"20 km ESE of Wright, Wyoming",2026-02-27 22:26:40.039,-105.2743,43.6532,0.0
3.1,"57 km S of Whites City, New Mexico",2026-02-27 19:15:00.130,-104.396,31.655,5.5359
3.11,"6 km W of Cobb, CA",2026-02-27 05:25:32.660,-122.797,38.8265,3.34
3.4,"22 km NNE of Vernal, Utah",2026-02-26 21:58:03.668,-109.4322,40.6396,0.0
3.1,"28 km NE of Ranchester, Wyoming",2026-02-26 21:10:17.876,-106.9547,45.1223,0.0
3.0,"5 km WSW of Irmo, South Carolina",2026-02-26 17:17:26.200,-81.2406666666667,34.0638333333333,0.06
3.19,"18 km ESE of Johannesburg, CA",2026-02-26 01:43:31.410,-117.45,35.3031666666667,4.06
3.55,"18 km ESE of Johannesburg, CA",2026-02-26 00:20:52.720,-117.452333333333,35.3056666666667,4.1
3.5,"6 km E of Assaria, Kansas",2026-02-25 20:14:52.272,-97.5314,38.6895,6.977
3.1,"13 km ESE of Wright, Wyoming",2026-02-25 19:14:02.601,-105.3278,43.7255,0.0
3.4,"18 km SE of Wright, Wyoming",2026-02-24 21:03:07.516,-105.304,43.6597,0.0
3.02,"4 km ESE of Cathcart, Washington",2026-02-24 13:42:46.520,-122.04333333333334,47.832,26.31
3.2,"13 km N of Stanton, Texas",2026-02-23 13:03:38.948,-101.77,32.249,6.958
3.0,"2 km ESE of Falls City, Texas",2026-02-23 07:41:24.407,-97.994,28.978,7.9954
3.01,"29 km SSW of Alamo, Nevada",2026-02-23 06:42:27.043,-115.3101,37.1225,10.0671
3.4,"14 km SSW of Rancho Palos Verdes, CA",2026-02-23 05:40:35.740,-118.4355,33.6235,15.19
3.39,"31 km SSW of Alamo, Nevada",2026-02-23 03:57:55.164,-115.3001,37.1023,11.9803
3.73,"30 km SSW of Alamo, Nevada",2026-02-23 03:57:18.168,-115.3058,37.111,2.0
4.15,"5 km W of Cobb, CA",2026-02-21 17:22:56.030,-122.783666666667,38.8228333333333,1.96
3.0,"37 km SSW of Lamesa, Texas",2026-02-21 01:12:27.079,-102.158,32.444,7.8369
3.4,"14 km ESE of Wright, Wyoming",2026-02-19 22:03:41.771,-105.3306,43.6973,0.0
3.07,"8 km ENE of Calumet, Oklahoma",2026-02-19 12:48:24.949,-98.034,35.62183333,6.77
3.1,"3 km NNW of Denver City, Texas",2026-02-19 10:05:48.386,-102.837,32.991,3.1494
3.7,"13 km ESE of Wright, Wyoming",2026-02-17 22:35:54.205,-105.3467,43.6873,0.0
3.3,"17 km NE of Wright, Wyoming",2026-02-17 21:04:11.285,-105.326,43.8467,0.0
3.6,"4 km S of Banning, CA",2026-02-17 18:57:13.590,-116.868833333333,33.893,13.98
3.6,"49 km W of Mentone, Texas",2026-02-17 06:01:17.150,-104.115,31.667,6.2152
3.1,"5 km E of Calumet, Oklahoma",2026-02-16 22:34:26.978,-98.0584,35.5951,10.332
3.5,"31 km NE of Ranchester, Wyoming",2026-02-16 20:03:42.796,-106.9337,45.1447,0.0
3.1,"60 km S of Whites City, New Mexico",2026-02-16 07:30:43.965,-104.365,31.629,6.0999
3.5,"60 km S of Whites City, New Mexico",2026-02-16 07:05:21.540,-104.364,31.629,6.0999
3.6,"7 km ENE of Calumet, Oklahoma",2026-02-16 04:13:35.420,-98.03916667,35.6175,6.31
3.15,"26 km WSW of Gerlach, Nevada",2026-02-16 03:08:52.163,-119.6538,40.5855,3.5921
3.12,"2 km WNW of Springer, Oklahoma",2026-02-15 10:50:08.189,-97.1655,34.31833333,19.62
3.52,"4 km NNW of West Valley City, Utah",2026-02-14 01:32:48.660,-112.026666666667,40.7243333333333,9.29
3.7,"3 km SE of Black Eagle, Montana",2026-02-13 01:36:13.196,-111.2466,47.504,10.0
3.4,"10 km SE of Wright, Wyoming",2026-02-12 21:06:56.931,-105.3989,43.6855,0.0
3.0,"12 km SSE of Edgerton, Wyoming",2026-02-12 07:54:59.390,-106.2147,43.2998,9.948
3.1,"20 km SSE of Wright, Wyoming",2026-02-11 21:15:35.613,-105.3536,43.5915,0.0
3.0,"9 km WSW of Colstrip, Montana",2026-02-11 19:25:05.299,-106.7406,45.8499,0.0
3.2,"18 km NNE of Maeser, Utah",2026-02-11 19:00:00.820,-109.5218,40.6335,0.0
3.09,"5 km SW of Ridgemark, CA",2026-02-11 11:34:54.720,-121.41,36.782,7.73
3.13,"6 km W of Delta, B.C., MX",2026-02-11 09:14:56.120,-115.252666666667,32.3628333333333,20.31
3.87,"8 km NW of Delta, B.C., MX",2026-02-11 08:56:52.250,-115.2625,32.3985,4.35
3.43,"8 km NW of Delta, B.C., MX",2026-02-11 08:56:40.540,-115.258,32.4045,5.29
3.64,"8 km WNW of Delta, B.C., MX",2026-02-11 08:40:36.870,-115.267666666667,32.3898333333333,3.3
4.18,"6 km NW of Delta, B.C., MX",2026-02-11 08:38:33.450,-115.247833333333,32.388,8.1
3.18,"20 km NNW of Alder Springs, CA",2026-02-10 04:18:04.480,-122.857166666667,39.8038333333333,6.74
3.3,"18 km ESE of Wright, Wyoming",2026-02-08 22:07:48.637,-105.2669,43.7104,0.0
3.67,"8 km WNW of Cobb, CA",2026-02-08 19:17:45.440,-122.811666666667,38.8455,1.59
3.49,"50 km NE of Valmy, Nevada",2026-02-08 18:49:55.791,-116.7574,41.1526,6.0
3.2,"58 km S of Whites City, New Mexico",2026-02-07 04:03:30.593,-104.257,31.66,6.2665
3.4,"20 km SE of Wright, Wyoming",2026-02-05 21:44:45.051,-105.2939,43.6354,0.0
3.5,"6 km WNW of Lehi, Utah",2026-02-05 19:53:10.390,-111.9285,40.4113333333333,5.56
3.7,"19 km NNW of Whites City, New Mexico",2026-02-05 18:05:15.360,-104.4501,32.3409,8.802
3.1,"56 km S of Whites City, New Mexico",2026-02-04 10:46:02.742,-104.366,31.667,6.7664
3.24,"5 km SE of San Ramon, CA",2026-02-03 04:30:06.200,-121.941166666667,37.7488333333333,8.02
3.79,"5 km SSE of San Ramon, CA",2026-02-02 15:27:45.980,-121.949166666667,37.7448333333333,8.2
4.18,"4 km SE of San Ramon, CA",2026-02-02 15:01:13.640,-121.943666666667,37.7563333333333,9.56
3.1,"14 km NW of Whites City, New Mexico",2026-02-02 15:00:13.521,-104.4764,32.2763,5.343
3.13,"4 km SE of San Ramon, CA",2026-02-02 14:29:56.100,-121.948166666667,37.751,8.14
3.8,"4 km SSE of San Ramon, CA",2026-02-02 14:27:00.610,-121.953333333333,37.7485,9.1
3.2,"27 km SSE of Wright, Wyoming",2026-02-01 21:26:57.219,-105.3854,43.512,0.0
3.3,"12 km ENE of Wright, Wyoming",2026-02-01 20:59:20.326,-105.3559,43.8023,0.0
3.31,"19 km NNE of Indio, CA",2026-02-01 09:20:33.210,-116.168333333333,33.8901666666667,3.79
3.2,"3 km NW of Malmstrom Air Force Base, Montana",2026-02-01 01:22:47.070,-111.209,47.5295,12.732
3.2,"14 km ESE of Wright, Wyoming",2026-01-31 21:33:33.835,-105.3319,43.6971,0.0
3.05,"34 km W of Petrolia, CA",2026-01-31 11:06:36.850,-124.679833333333,40.3481666666667,21.1
3.11,"5 km SE of San Ramon, CA",2026-01-30 18:33:22.070,-121.947,37.746,8.08
3.4,"4 km SE of San Ramon, CA",2026-01-30 18:33:09.870,-121.947833333333,37.75,9.31
3.8,"32 km WSW of Raton, New Mexico",2026-01-30 07:20:29.837,-104.7709,36.788,5.0
3.3,"13 km NNW of La Cueva, New Mexico",2026-01-30 02:40:26.318,-106.689,35.9862,5.0
3.2,"23 km SSE of Wright, Wyoming",2026-01-29 21:16:38.460,-105.3396,43.5757,0.0
4.2,"9 km N of Black Eagle, Montana",2026-01-29 19:41:09.527,-111.2654,47.6105,23.514
3.16,"15 km W of Johannesburg, CA",2026-01-29 00:15:02.040,-117.8035,35.3586666666667,6.68
3.0,"38 km NNW of Toyah, Texas",2026-01-28 08:43:56.267,-103.999,31.617,8.9133
4.0,"77 km NE of Loreto, Mexico",2026-01-28 05:42:16.542,-110.7386,26.4504,10.0
3.09,"18 km W of Empire, Nevada",2026-01-28 04:04:36.582,-119.5616,40.5775,8.118
4.1,"24 km ESE of Orillia, Canada",2026-01-28 03:59:16.585,-79.1239,44.5528,8.471
3.0500000000000003,"12 km SSE of Port Orford, Oregon",2026-01-27 21:25:04.700,-124.44566666666667,42.6445,-0.64
3.01,"8 km ESE of Puebla, B.C., MX",2026-01-27 16:39:47.370,-115.2735,32.5411666666667,22.82
3.65,"42 km NNW of Gabbs, Nevada",2026-01-26 15:31:06.108,-118.1154,39.2238,4.0
4.3,"23 km SW of Snyder, Texas",2026-01-26 10:22:37.559,-101.095,32.563,6.4697
3.4,"8 km ESE of Wright, Wyoming",2026-01-25 20:58:18.279,-105.3876,43.7302,0.0
3.3,"25 km ESE of Wright, Wyoming",2026-01-25 20:36:35.715,-105.2201,43.6362,0.0
3.4,"54 km W of Mentone, Texas",2026-01-25 11:25:08.453,-104.178,31.705,5.9973
3.5,"52 km SSW of Whites City, New Mexico",2026-01-25 00:55:36.172,-104.523,31.715,5.6384
3.37,"24 km SSW of Mina, Nevada",2026-01-24 12:50:08.745,-118.1944,38.1804,10.0
3.05,"20 km NNE of Yerington, Nevada",2026-01-24 05:45:14.851,-119.0667,39.1528,6.6871
3.1,"14 km E of Wright, Wyoming",2026-01-22 22:01:34.073,-105.318,43.7699,0.0
4.65,"40 km S of Evanston, Wyoming",2026-01-22 14:49:20.850,-110.8745,40.9105,14.72
3.0100000000000002,"2 km NNW of Ames Lake, Washington",2026-01-22 04:22:05.760,-121.97916666666667,47.64933333333333,27.1
3.1,"30 km SE of Wright, Wyoming",2026-01-21 22:15:00.624,-105.2349,43.5537,0.0
3.2,"56 km S of Whites City, New Mexico",2026-01-21 12:23:03.054,-104.357,31.667,6.6638
3.0,"56 km S of Whites City, New Mexico",2026-01-21 12:20:14.150,-104.361,31.668,6.5356
4.25596203401461,"20 km NNE of Indio, CA",2026-01-21 08:30:07.650,-116.170166666667,33.9001666666667,3.67
3.38,"18 km N of Indio, CA",2026-01-20 19:22:39.600,-116.188666666667,33.8806666666667,4.35
3.75933433242959,"18 km N of Indio, CA",2026-01-20 18:48:11.540,-116.192333333333,33.8801666666667,5.19
3.07,"21 km N of Indio, CA",2026-01-20 16:17:23.630,-116.175666666667,33.9043333333333,3.67
3.41,"25 km WSW of Gerlach, Nevada",2026-01-20 10:24:04.611,-119.6436,40.5956,7.0
3.69041987258891,"20 km N of Indio, CA",2026-01-20 08:20:02.020,-116.1725,33.9005,4.35
3.8,"4 km NW of Ohlman, Illinois",2026-01-20 07:27:40.180,-89.2463333333333,39.3753333333333,8.76
3.65,"21 km WSW of Gerlach, Nevada",2026-01-20 05:46:19.190,-119.5994,40.5906,7.0
3.28,"17 km W of Empire, Nevada",2026-01-20 05:45:53.253,-119.5493,40.5737,1.2219
3.34,"18 km N of Indio, CA",2026-01-20 04:57:26.740,-116.190333333333,33.881,3.63
3.5,"17 km NNE of Indio, CA",2026-01-20 02:50:57.260,-116.1705,33.87,3.04
3.14,"20 km N of Indio, CA",2026-01-20 02:27:27.160,-116.174,33.8971666666667,3.64
3.26,"20 km NNE of Indio, CA",2026-01-20 01:57:49.780,-116.1665,33.8981666666667,5.53
3.21,"20 km NNE of Indio, CA",2026-01-20 01:57:34.220,-116.17,33.8998333333333,5.11
3.36,"20 km NNE of Indio, CA",2026-01-20 01:57:14.780,-116.172333333333,33.8986666666667,6.24
4.92255584370382,"20 km NNE of Indio, CA",2026-01-20 01:56:14.390,-116.169333333333,33.894,3.09
3.1,"20 km NNE of Maeser, Utah",2026-01-19 22:04:03.940,-109.4578,40.6336,0.0
3.45,"21 km W of Empire, Nevada",2026-01-19 19:09:02.555,-119.6008,40.5831,11.142
3.75,"21 km WSW of Gerlach, Nevada",2026-01-19 15:35:23.415,-119.5973,40.5904,6.0
3.32,"14 km W of Johannesburg, CA",2026-01-18 16:24:49.310,-117.792,35.3505,6.48
3.33,"15 km W of Johannesburg, CA",2026-01-18 16:21:40.820,-117.7945,35.353,4.39
3.55291427073251,"15 km WSW of Johannesburg, CA",2026-01-18 14:54:12.100,-117.797666666667,35.3438333333333,4.55
3.3,"35 km SSE of Hope, New Mexico",2026-01-18 11:36:45.017,-104.6272,32.5026,4.116
3.01,"7 km NE of Coso Junction, CA",2026-01-17 22:43:29.670,-117.896166666667,36.0926666666667,5.6
3.18,"14 km S of Tres Pinos, CA",2026-01-17 13:53:24.760,-121.3,36.6636666666667,6.01
3.1,"32 km NW of Toyah, Texas",2026-01-17 12:42:06.705,-104.015,31.536,6.8304
3.3,"35 km SSE of Hope, New Mexico",2026-01-16 05:18:46.330,-104.6358,32.4988,5.0
3.43,"14 km S of Tres Pinos, CA",2026-01-16 02:24:54.920,-121.302333333333,36.6668333333333,5.98
3.2,"31 km NW of Toyah, Texas",2026-01-16 02:05:54.015,-104.01,31.533,6.2408
3.4,"34 km SSE of Hope, New Mexico",2026-01-16 00:31:01.140,-104.6265,32.5101,5.0
3.02,"23 km ENE of Alum Rock, CA",2026-01-15 14:54:41.600,-121.595666666667,37.4655,8.91
4.0911787112618,"7 km WSW of Holtville, CA",2026-01-15 09:54:39.470,-115.453166666667,32.7908333333333,16.24
3.41,"7 km WSW of Holtville, CA",2026-01-15 09:40:11.560,-115.4555,32.7935,15.5
3.3,"31 km SSE of Hope, New Mexico",2026-01-15 09:15:56.221,-104.613,32.5413,5.0
3.5,"34 km SSE of Hope, New Mexico",2026-01-15 08:50:31.153,-104.6369,32.5097,5.0
3.22,"55 km NE of Valmy, Nevada",2026-01-15 07:15:37.253,-116.6882,41.1647,12.4177
3.06,"38 km NW of Beatty, Nevada",2026-01-14 07:58:57.681,-117.1152,37.1027,7.6895
3.14,"4 km NE of North Shore, CA",2026-01-14 00:56:15.200,-115.903666666667,33.5546666666667,2.64
3.76,"11 km ESE of Willits, CA",2026-01-13 22:51:55.930,-123.232666666667,39.3723333333333,8.65
3.3,"25 km NNE of Maeser, Utah",2026-01-13 22:32:18.513,-109.4502,40.6809,0.0
4.42,"9 km ESE of Willits, CA",2026-01-13 21:10:54.210,-123.251333333333,39.3921666666667,8.48
3.4,"14 km ESE of Wright, Wyoming",2026-01-13 21:02:22.188,-105.315,43.7097,0.0
3.12,"15 km W of Johannesburg, CA",2026-01-13 20:20:29.850,-117.796166666667,35.3473333333333,5.42
3.2,"17 km SSE of Antelope Valley-Crestview, Wyoming",2026-01-12 20:28:12.911,-105.4051,44.0781,0.0
3.04,"14 km NNW of Grapevine, CA",2026-01-12 07:02:46.710,-119.0035,35.0556666666667,15.6
3.7,"51 km ENE of San Vicente, Mexico",2026-01-11 23:54:21.451,-115.7447,31.4899,1.828
3.1,"23 km SE of Wright, Wyoming",2026-01-10 20:28:16.747,-105.2499,43.6302,0.0
3.2,"16 km ENE of Wright, Wyoming",2026-01-10 19:00:37.075,-105.3042,43.8054,0.0
3.7,"20 km SSW of Chilchinbito, Arizona",2026-01-09 18:38:29.357,-110.169,36.3528,9.25
3.1,"9 km WNW of Edgefield, Louisiana",2026-01-08 16:01:35.929,-93.432,32.0754,5.0
3.1,"3 km NNW of Edgefield, Louisiana",2026-01-08 15:06:38.803,-93.351,32.0742,5.0
4.17,"12 km ENE of Cloverdale, CA",2026-01-08 08:00:21.950,-122.8795,38.8326666666667,2.86
3.01,"13 km ENE of Ridgecrest, CA",2026-01-08 05:28:06.470,-117.538166666667,35.6595,9.19
3.28,"13 km ENE of Ridgecrest, CA",2026-01-07 23:56:43.550,-117.538833333333,35.6593333333333,8.58
3.58,"7 km SE of Deep Springs, CA",2026-01-07 15:44:00.790,-117.92,37.3315,11.51
3.37,"88 km ESE of Maneadero, B.C., MX",2026-01-07 05:22:22.810,-115.6655,31.5158333333333,-0.25
3.2,"7 km E of Wright, Wyoming",2026-01-05 20:59:16.263,-105.3976,43.7554,0.0
3.1,"25 km SE of Wright, Wyoming",2026-01-05 20:15:02.377,-105.2914,43.5739,0.0
3.1,"7 km SE of Antelope Valley-Crestview, Wyoming",2026-01-04 20:43:00.239,-105.4131,44.1692,0.0
3.26,"13 km E of Huntsville, Utah",2026-01-04 14:18:00.340,-111.606333333333,41.2773333333333,9.91
3.0,"26 km SW of Jal, New Mexico",2026-01-04 09:41:53.948,-103.383,31.937,5.7281
3.0,"23 km S of Westbrook, Texas",2026-01-02 19:08:46.421,-101.05,32.143,6.0791
3.02,"2 km SE of San Ramon, CA",2026-01-02 00:58:59.940,-121.955666666667,37.7663333333333,8.92
